StationName,StationId,Maintainer,DateTime,StationLatitude,StationLongitude,StationAltitude,CountyName,TownName,CountyCode,TownCode,Precipitation
淡水,466900,中央氣象署,2025-05-31T19:30:00+08:00,25.164889,121.448906,19.0,新北市,淡水區,65000,65000100,0.0
新北,466881,中央氣象署,2025-05-31T19:30:00+08:00,24.959207,121.525196,24.5,新北市,新店區,65000,65000060,0.0
陽明山,466930,中央氣象署,2025-05-31T19:30:00+08:00,25.162078,121.544547,607.1,臺北市,北投區,63000,63000120,0.0
鞍部,466910,中央氣象署,2025-05-31T19:30:00+08:00,25.182586,121.529731,837.6,臺北市,北投區,63000,63000120,0.0
臺北,466920,中央氣象署,2025-05-31T19:30:00+08:00,25.037658,121.514853,6.3,臺北市,中正區,63000,63000050,0.0
關渡,C1AC50,中央氣象署,2025-05-31T19:30:00+08:00,25.133486,121.469331,111.0,臺北市,北投區,63000,63000120,0.0
新莊,C0ACA0,中央氣象署,2025-05-31T19:30:00+08:00,25.051478,121.446756,25.0,新北市,新莊區,65000,65000050,0.0
中和,C0AG80,中央氣象署,2025-05-31T19:30:00+08:00,24.991622,121.491792,48.0,新北市,中和區,65000,65000030,0.0
石碇,C0A640,中央氣象署,2025-05-31T19:30:00+08:00,24.993969,121.662917,241.0,新北市,石碇區,65000,65000190,0.0
文山,C0AC80,中央氣象署,2025-05-31T19:30:00+08:00,25.002350,121.575728,40.0,臺北市,文山區,63000,63000080,0.0
山佳,C0A520,中央氣象署,2025-05-31T19:30:00+08:00,24.974944,121.402008,48.0,新北市,樹林區,65000,65000070,0.0
桶後,C0A570,中央氣象署,2025-05-31T19:30:00+08:00,24.848222,121.597992,360.0,新北市,烏來區,65000,65000290,0.0
林口,C0AH50,中央氣象署,2025-05-31T19:30:00+08:00,25.072181,121.380839,275.0,新北市,林口區,65000,65000170,0.0
鼻頭角,C0A950,中央氣象署,2025-05-31T19:30:00+08:00,25.129036,121.923372,60.0,新北市,瑞芳區,65000,65000120,0.0
大坪,C0A860,中央氣象署,2025-05-31T19:30:00+08:00,25.165914,121.632969,362.0,新北市,萬里區,65000,65000280,0.0
五指山,C0A870,中央氣象署,2025-05-31T19:30:00+08:00,25.132153,121.608692,685.0,新北市,汐止區,65000,65000110,0.0
雙溪,C0A890,中央氣象署,2025-05-31T19:30:00+08:00,25.036003,121.864242,40.0,新北市,雙溪區,65000,65000250,0.5
三和,C0A931,中央氣象署,2025-05-31T19:30:00+08:00,25.233153,121.595236,216.0,新北市,金山區,65000,65000270,0.0
金山,C0A940,中央氣象署,2025-05-31T19:30:00+08:00,25.223628,121.643967,49.0,新北市,金山區,65000,65000270,0.0
三貂角,C0A970,中央氣象署,2025-05-31T19:30:00+08:00,25.007606,122.002058,96.0,新北市,貢寮區,65000,65000260,0.0
社子,C0A980,中央氣象署,2025-05-31T19:30:00+08:00,25.109508,121.469681,11.0,臺北市,士林區,63000,63000110,0.0
天母,C0A9C0,中央氣象署,2025-05-31T19:30:00+08:00,25.117494,121.537169,35.0,臺北市,士林區,63000,63000110,0.0
內湖,C0A9F0,中央氣象署,2025-05-31T19:30:00+08:00,25.079422,121.575450,35.0,臺北市,內湖區,63000,63000100,0.0
信義,C0AC70,中央氣象署,2025-05-31T19:30:00+08:00,25.037822,121.564597,71.0,臺北市,信義區,63000,63000020,0.0
坪林,C0A530,中央氣象署,2025-05-31T19:30:00+08:00,24.938183,121.709750,300.0,新北市,坪林區,65000,65000200,0.0
泰平,C0A550,中央氣象署,2025-05-31T19:30:00+08:00,24.971197,121.823711,422.0,新北市,雙溪區,65000,65000250,0.0
汐止,C0AH00,中央氣象署,2025-05-31T19:30:00+08:00,25.066881,121.658778,38.0,新北市,汐止區,65000,65000110,0.0
三峽,C0AC60,中央氣象署,2025-05-31T19:30:00+08:00,24.939025,121.369728,55.0,新北市,三峽區,65000,65000090,0.0
四十份,C1A9N0,中央氣象署,2025-05-31T19:30:00+08:00,24.934158,121.593283,435.0,新北市,新店區,65000,65000060,0.0
大屯山,C0AC40,中央氣象署,2025-05-31T19:30:00+08:00,25.175675,121.522408,1079.0,臺北市,北投區,63000,63000120,0.0
湖田國小,A1A9S0,臺北市政府工務局水利工程處,2025-05-31T19:30:00+08:00,25.168595,121.538915,699.0,臺北市,北投區,63000,63000120,0.0
大屯國小,A1A9T0,臺北市政府工務局水利工程處,2025-05-31T19:30:00+08:00,25.154997,121.503915,318.0,臺北市,北投區,63000,63000120,0.0
桃源國中,A1A9U0,臺北市政府工務局水利工程處,2025-05-31T19:30:00+08:00,25.134398,121.476914,28.0,臺北市,北投區,63000,63000120,0.0
北投國小,A1A9V0,臺北市政府工務局水利工程處,2025-05-31T19:30:00+08:00,25.133897,121.498913,37.0,臺北市,北投區,63000,63000120,0.0
陽明高中,A1A9W0,臺北市政府工務局水利工程處,2025-05-31T19:30:00+08:00,25.092496,121.516710,18.0,臺北市,士林區,63000,63000110,0.0
太平國小,A1A9X0,臺北市政府工務局水利工程處,2025-05-31T19:30:00+08:00,25.061696,121.511708,20.0,臺北市,大同區,63000,63000060,0.0
民生國中,A1A9Y0,臺北市政府工務局水利工程處,2025-05-31T19:30:00+08:00,25.059693,121.566707,28.0,臺北市,松山區,63000,63000010,0.0
中正國中,A1A9Z0,臺北市政府工務局水利工程處,2025-05-31T19:30:00+08:00,25.031696,121.521906,31.0,臺北市,中正區,63000,63000050,0.0
三興國小,A1AA00,臺北市政府工務局水利工程處,2025-05-31T19:30:00+08:00,25.029194,121.558106,28.0,臺北市,信義區,63000,63000020,0.0
格致國中,A1AA10,臺北市政府工務局水利工程處,2025-05-31T19:30:00+08:00,25.131395,121.545613,394.0,臺北市,士林區,63000,63000110,0.0
平等國小,A1AA20,臺北市政府工務局水利工程處,2025-05-31T19:30:00+08:00,25.129193,121.576412,427.0,臺北市,士林區,63000,63000110,0.0
至善國中,A1AA30,臺北市政府工務局水利工程處,2025-05-31T19:30:00+08:00,25.103294,121.555611,53.0,臺北市,士林區,63000,63000110,0.0
碧湖國小,A1AA40,臺北市政府工務局水利工程處,2025-05-31T19:30:00+08:00,25.084692,121.591709,33.0,臺北市,內湖區,63000,63000100,0.0
東湖國小,A1AA50,臺北市政府工務局水利工程處,2025-05-31T19:30:00+08:00,25.069191,121.615007,34.0,臺北市,內湖區,63000,63000100,0.0
留公國中,A1AA60,臺北市政府工務局水利工程處,2025-05-31T19:30:00+08:00,25.037192,121.585606,32.0,臺北市,信義區,63000,63000020,0.0
舊莊國小,A1AA70,臺北市政府工務局水利工程處,2025-05-31T19:30:00+08:00,25.039991,121.619405,38.0,臺北市,南港區,63000,63000090,0.0
市政中心,A1AA80,臺北市政府工務局水利工程處,2025-05-31T19:30:00+08:00,25.038894,121.556406,83.0,臺北市,信義區,63000,63000020,0.0
博嘉國小,A1AA90,臺北市政府工務局水利工程處,2025-05-31T19:30:00+08:00,25.002193,121.575304,53.0,臺北市,文山區,63000,63000080,0.0
北政國中,A1AB00,臺北市政府工務局水利工程處,2025-05-31T19:30:00+08:00,24.984393,121.577502,39.0,臺北市,文山區,63000,63000080,0.0
埤腹,A1AB10,臺北市政府工務局水利工程處,2025-05-31T19:30:00+08:00,24.986395,121.545303,42.0,臺北市,文山區,63000,63000080,0.0
雙園,A1AB20,臺北市政府工務局水利工程處,2025-05-31T19:30:00+08:00,25.030298,121.490307,31.0,臺北市,萬華區,63000,63000070,0.0
中洲,A1AB30,臺北市政府工務局水利工程處,2025-05-31T19:30:00+08:00,25.105298,121.474712,8.0,臺北市,士林區,63000,63000110,0.0
玉成,A1AB40,臺北市政府工務局水利工程處,2025-05-31T19:30:00+08:00,25.052193,121.582507,27.0,臺北市,南港區,63000,63000090,0.0
建國,A1AB50,臺北市政府工務局水利工程處,2025-05-31T19:30:00+08:00,25.072195,121.528909,25.0,臺北市,中山區,63000,63000040,0.0
福德,A1AB60,臺北市政府工務局水利工程處,2025-05-31T19:30:00+08:00,25.099395,121.528911,14.0,臺北市,士林區,63000,63000110,0.0
奇岩,A1AB70,臺北市政府工務局水利工程處,2025-05-31T19:30:00+08:00,25.123897,121.503113,28.0,臺北市,北投區,63000,63000120,0.0
雙溪,A1AB80,臺北市政府工務局水利工程處,2025-05-31T19:30:00+08:00,25.113593,121.569411,127.0,臺北市,士林區,63000,63000110,0.0
大豹,01A210,水利署第10河川分署,2025-05-31T19:30:00+08:00,24.887277,121.421373,600.0,新北市,三峽區,65000,65000090,0.0
福山(3),01A430,水利署第10河川分署,2025-05-31T19:30:00+08:00,24.779800,121.497357,500.0,新北市,烏來區,65000,65000290,0.0
大桶山,01A440,水利署第10河川分署,2025-05-31T19:30:00+08:00,24.876212,121.562992,916.0,新北市,烏來區,65000,65000290,0.0
坪林(4),01A450,水利署第10河川分署,2025-05-31T19:30:00+08:00,24.936401,121.710339,200.0,新北市,坪林區,65000,65000200,0.0
中正橋,01A410,水利署第10河川分署,2025-05-31T19:30:00+08:00,25.021931,121.516401,15.0,臺北市,中正區,63000,63000050,0.0
竹子湖,01A420,水利署第10河川分署,2025-05-31T19:30:00+08:00,25.162299,121.544050,600.0,臺北市,士林區,63000,63000110,0.0
碧湖,01A190,水利署第10河川分署,2025-05-31T19:30:00+08:00,24.890886,121.745559,360.0,新北市,坪林區,65000,65000200,0.0
石碇(2),01A130,水利署第10河川分署,2025-05-31T19:30:00+08:00,24.991596,121.657883,250.0,新北市,石碇區,65000,65000190,0.0
三峽,01A220,水利署第10河川分署,2025-05-31T19:30:00+08:00,24.938878,121.355555,33.0,新北市,三峽區,65000,65000090,0.0
瑞芳(2),01A380,水利署第10河川分署,2025-05-31T19:30:00+08:00,25.110338,121.803301,101.0,新北市,瑞芳區,65000,65000120,0.0
火燒寮,01A200,水利署第10河川分署,2025-05-31T19:30:00+08:00,24.981089,121.749275,380.0,新北市,平溪區,65000,65000240,0.0
熊空山,01AG10,水利署第10河川分署,2025-05-31T19:30:00+08:00,24.875610,121.451992,778.0,新北市,三峽區,65000,65000090,0.0
社后橋,01AG00,水利署第10河川分署,2025-05-31T19:30:00+08:00,25.063288,121.633793,13.0,新北市,汐止區,65000,65000110,0.0
三貂嶺,01AF90,水利署第10河川分署,2025-05-31T19:30:00+08:00,25.059541,121.820556,118.0,新北市,瑞芳區,65000,65000120,0.0
富貴角,01A350,水利署第10河川分署,2025-05-31T19:30:00+08:00,25.288486,121.544109,0.0,新北市,石門區,65000,65000220,0.0
太平,L1A840,臺北市政府臺北翡翠水庫管理局,2025-05-31T19:30:00+08:00,24.971779,121.828198,403.0,新北市,雙溪區,65000,65000250,0.0
碧湖,L1A800,臺北市政府臺北翡翠水庫管理局,2025-05-31T19:30:00+08:00,24.892584,121.745694,386.0,新北市,坪林區,65000,65000200,0.0
坪林,L1A830,臺北市政府臺北翡翠水庫管理局,2025-05-31T19:30:00+08:00,24.936785,121.713797,210.0,新北市,坪林區,65000,65000200,0.0
九芎根,L1A810,臺北市政府臺北翡翠水庫管理局,2025-05-31T19:30:00+08:00,24.902389,121.649896,378.0,新北市,石碇區,65000,65000190,0.0
十三股,L1A820,臺北市政府臺北翡翠水庫管理局,2025-05-31T19:30:00+08:00,24.943989,121.649599,530.0,新北市,石碇區,65000,65000190,0.0
翡翠,L1A790,臺北市政府臺北翡翠水庫管理局,2025-05-31T19:30:00+08:00,24.907093,121.580097,202.0,新北市,新店區,65000,65000060,0.0
舊莊里,A1AC50,臺北市政府工務局大地工程處,2025-05-31T19:30:00+08:00,25.033990,121.624705,47.0,臺北市,南港區,63000,63000090,0.0
茶製場,A1AD70,臺北市政府工務局大地工程處,2025-05-31T19:30:00+08:00,25.028388,121.663304,375.0,臺北市,南港區,63000,63000090,0.0
九如里,A1AC60,臺北市政府工務局大地工程處,2025-05-31T19:30:00+08:00,25.032491,121.611605,44.0,臺北市,南港區,63000,63000090,0.0
安泰里,A1AD30,臺北市政府工務局大地工程處,2025-05-31T19:30:00+08:00,25.087591,121.613109,97.0,臺北市,內湖區,63000,63000100,0.0
溪山里,A1AC90,臺北市政府工務局大地工程處,2025-05-31T19:30:00+08:00,25.136892,121.588912,453.0,臺北市,士林區,63000,63000110,0.0
明德樂園,A1AC80,臺北市政府工務局大地工程處,2025-05-31T19:30:00+08:00,25.113693,121.565711,111.0,臺北市,士林區,63000,63000110,0.0
菁山里,A1AD00,臺北市政府工務局大地工程處,2025-05-31T19:30:00+08:00,25.143993,121.566013,489.0,臺北市,士林區,63000,63000110,0.0
擎天崗,A1AD10,臺北市政府工務局大地工程處,2025-05-31T19:30:00+08:00,25.163293,121.568014,769.0,臺北市,士林區,63000,63000110,0.0
貴子坑,A1AD80,臺北市政府工務局大地工程處,2025-05-31T19:30:00+08:00,25.155898,121.489815,278.0,臺北市,北投區,63000,63000120,0.0
挹翠山莊,A1AC70,臺北市政府工務局大地工程處,2025-05-31T19:30:00+08:00,25.017093,121.574405,118.0,臺北市,信義區,63000,63000020,0.0
指南里,A1AC40,臺北市政府工務局大地工程處,2025-05-31T19:30:00+08:00,24.981493,121.580302,103.0,臺北市,文山區,63000,63000080,0.0
貓空,A1AD60,臺北市政府工務局大地工程處,2025-05-31T19:30:00+08:00,24.968892,121.595301,317.0,臺北市,文山區,63000,63000080,0.0
八里,C0AD10,中央氣象署,2025-05-31T19:30:00+08:00,25.150211,121.403947,27.0,新北市,八里區,65000,65000230,0.0
蘆洲,C0AD30,中央氣象署,2025-05-31T19:30:00+08:00,25.086594,121.472331,20.0,新北市,蘆洲區,65000,65000140,0.0
土城,C0AD40,中央氣象署,2025-05-31T19:30:00+08:00,24.973208,121.445169,32.0,新北市,土城區,65000,65000130,0.0
鶯歌,C0AD50,中央氣象署,2025-05-31T19:30:00+08:00,24.951533,121.346294,84.0,新北市,鶯歌區,65000,65000080,0.0
四獸山,A1AG40,臺北市政府工務局大地工程處,2025-05-31T19:30:00+08:00,25.029293,121.582905,315.0,臺北市,信義區,63000,63000020,0.0
福州山,A1AG60,臺北市政府工務局大地工程處,2025-05-31T19:30:00+08:00,25.016894,121.554305,122.0,臺北市,大安區,63000,63000030,0.0
金面山,A1AG80,臺北市政府工務局大地工程處,2025-05-31T19:30:00+08:00,25.094893,121.569910,80.0,臺北市,內湖區,63000,63000100,0.0
大湖里,A1AG20,臺北市政府工務局大地工程處,2025-05-31T19:30:00+08:00,25.096391,121.604109,181.0,臺北市,內湖區,63000,63000100,0.0
稻香里,A1AG30,臺北市政府工務局大地工程處,2025-05-31T19:30:00+08:00,25.147998,121.483915,160.0,臺北市,北投區,63000,63000120,0.0
劍潭山,A1AG50,臺北市政府工務局大地工程處,2025-05-31T19:30:00+08:00,25.083096,121.528410,143.0,臺北市,中山區,63000,63000040,0.0
仙跡岩,A1AG70,臺北市政府工務局大地工程處,2025-05-31T19:30:00+08:00,24.989295,121.543203,81.0,臺北市,文山區,63000,63000080,0.0
永和,C0AH10,中央氣象署,2025-05-31T19:30:00+08:00,25.011250,121.508111,30.0,新北市,永和區,65000,65000040,0.0
平溪旅遊,NUP460,水利署第10河川分署,2025-05-31T19:30:00+08:00,25.048418,121.773797,101.0,新北市,平溪區,65000,65000240,0.0
上林國小,O1AH20,水利署第1河川分署,2025-05-31T19:30:00+08:00,25.029351,121.832514,71.0,新北市,雙溪區,65000,65000250,0.0
吉林國小,O1AH30,水利署第1河川分署,2025-05-31T19:30:00+08:00,24.985827,121.887489,174.0,新北市,貢寮區,65000,65000260,0.0
精忠,81AH40,農村水保署,2025-05-31T19:30:00+08:00,24.959713,121.532080,47.0,新北市,新店區,65000,65000060,0.0
五分山,C0AH30,中央氣象署,2025-05-31T19:30:00+08:00,25.071250,121.780794,755.0,新北市,瑞芳區,65000,65000120,0.0
平等,C0AH40,中央氣象署,2025-05-31T19:30:00+08:00,25.129142,121.577086,426.0,臺北市,士林區,63000,63000110,0.0
大粗坑,81AI30,農村水保署,2025-05-31T19:30:00+08:00,25.091251,121.838927,84.0,新北市,瑞芳區,65000,65000120,0.0
萬里國小,81AH50,農村水保署,2025-05-31T19:30:00+08:00,25.175833,121.689444,10.0,新北市,萬里區,65000,65000280,0.0
長坑國小,81AH60,農村水保署,2025-05-31T19:30:00+08:00,25.126667,121.390556,34.0,新北市,八里區,65000,65000230,0.0
柑林國小,81AH70,農村水保署,2025-05-31T19:30:00+08:00,25.015833,121.804444,93.0,新北市,雙溪區,65000,65000250,0.0
五城加油站,81AH80,農村水保署,2025-05-31T19:30:00+08:00,24.939858,121.470989,73.0,新北市,新店區,65000,65000060,0.0
信賢派出所,81AH90,農村水保署,2025-05-31T19:30:00+08:00,24.838333,121.526111,253.0,新北市,烏來區,65000,65000290,0.0
五寮國小,81AI00,農村水保署,2025-05-31T19:30:00+08:00,24.858889,121.360000,172.0,新北市,三峽區,65000,65000090,0.0
建安國小,81AI10,農村水保署,2025-05-31T19:30:00+08:00,24.925692,121.446624,91.0,新北市,三峽區,65000,65000090,0.0
有木國小,81AI20,農村水保署,2025-05-31T19:30:00+08:00,24.853611,121.437500,249.0,新北市,三峽區,65000,65000090,0.0
松山,C0AH70,中央氣象署,2025-05-31T19:30:00+08:00,25.048711,121.550428,34.0,臺北市,松山區,63000,63000010,0.0
覽勝橋,01AD90,水利署第10河川分署,2025-05-31T19:30:00+08:00,24.862306,121.551378,108.0,新北市,烏來區,65000,65000290,0.0
文化大學,A0A460,中央氣象署,2025-05-31T19:30:00+08:00,25.136050,121.539870,424.4,臺北市,士林區,63000,63000110,0.0
深坑,C0AH80,中央氣象署,2025-05-31T19:30:00+08:00,25.002703,121.628328,68.0,新北市,深坑區,65000,65000180,0.0
臺灣大學,A0A010,中央氣象署,2025-05-31T19:30:00+08:00,25.014278,121.539416,17.0,臺北市,大安區,63000,63000030,0.0
茶改北部分場,82A750,中央氣象署,2025-05-31T19:30:00+08:00,24.955778,121.631222,401.0,新北市,石碇區,65000,65000190,0.0
福山植物園,C0AH90,中央氣象署,2025-05-31T19:30:00+08:00,24.760717,121.581350,660.0,新北市,烏來區,65000,65000290,0.0
五股,C0AI00,中央氣象署,2025-05-31T19:30:00+08:00,25.074453,121.427281,188.0,新北市,五股區,65000,65000150,0.0
屈尺,C0AI10,中央氣象署,2025-05-31T19:30:00+08:00,24.921836,121.544725,76.0,新北市,新店區,65000,65000060,0.0
白沙灣,C0AI20,中央氣象署,2025-05-31T19:30:00+08:00,25.283128,121.519058,25.0,新北市,石門區,65000,65000220,0.0
三重,C0AI30,中央氣象署,2025-05-31T19:30:00+08:00,25.057378,121.500625,26.0,新北市,三重區,65000,65000020,0.0
石牌,C0AI40,中央氣象署,2025-05-31T19:30:00+08:00,25.115597,121.513167,37.0,臺北市,北投區,63000,63000120,0.0
桃改樹林分場,72AI40,中央氣象署,2025-05-31T19:30:00+08:00,24.944503,121.386972,40.0,新北市,樹林區,65000,65000070,0.0
台農院關渡站,G2AI50,中央氣象署,2025-05-31T19:30:00+08:00,25.115750,121.492000,9.0,臺北市,北投區,63000,63000120,0.0
國三N016K,C1AI50,中央氣象署,2025-05-31T19:30:00+08:00,25.034164,121.619664,64.0,臺北市,南港區,63000,63000090,0.0
國一39K,C1AI60,中央氣象署,2025-05-31T19:30:00+08:00,25.064361,121.383836,181.0,新北市,泰山區,65000,65000160,0.0
國三甲005K,CAA090,中央氣象署,2025-05-31T19:30:00+08:00,25.001940,121.597500,60.0,臺北市,文山區,63000,63000080,0.0
國三S010K,CAA030,中央氣象署,2025-05-31T19:30:00+08:00,25.080000,121.647500,50.0,新北市,汐止區,65000,65000110,0.0
國三S016K,CAA040,中央氣象署,2025-05-31T19:30:00+08:00,25.033060,121.615800,71.0,臺北市,南港區,63000,63000090,0.0
國三S037K,CAA050,中央氣象署,2025-05-31T19:30:00+08:00,24.982361,121.471042,51.0,新北市,土城區,65000,65000130,0.0
國三S042K,CAA060,中央氣象署,2025-05-31T19:30:00+08:00,24.960000,121.430600,50.0,新北市,土城區,65000,65000130,0.0
國三N046K,CAA070,中央氣象署,2025-05-31T19:30:00+08:00,24.950830,121.395800,54.0,新北市,樹林區,65000,65000070,0.0
國三S054K,CAA080,中央氣象署,2025-05-31T19:30:00+08:00,24.939170,121.323900,97.0,新北市,鶯歌區,65000,65000080,0.0
國一N013K,CAA010,中央氣象署,2025-05-31T19:30:00+08:00,25.066739,121.628153,39.0,新北市,汐止區,65000,65000110,0.0
國一S026K,CAA020,中央氣象署,2025-05-31T19:30:00+08:00,25.076390,121.496400,27.0,新北市,三重區,65000,65000020,0.0
石碇服務區,C1A750,中央氣象署,2025-05-31T19:30:00+08:00,25.008650,121.638017,92.0,新北市,石碇區,65000,65000190,0.0
坪林交控,C1A760,中央氣象署,2025-05-31T19:30:00+08:00,24.942842,121.638556,217.0,新北市,坪林區,65000,65000200,0.0
科教館,C0A770,中央氣象署,2025-05-31T19:30:00+08:00,25.096356,121.516506,60.0,臺北市,士林區,63000,63000110,0.0
澳底,C0AJ90,中央氣象署,2025-05-31T19:30:00+08:00,25.055192,121.925264,23.0,新北市,貢寮區,65000,65000260,0.0
野柳,C0AJ20,中央氣象署,2025-05-31T19:30:00+08:00,25.207031,121.690022,22.0,新北市,萬里區,65000,65000280,0.0
淡水觀海,C0AJ30,中央氣象署,2025-05-31T19:30:00+08:00,25.184592,121.408617,22.0,新北市,淡水區,65000,65000100,0.0
石門,C0AJ40,中央氣象署,2025-05-31T19:30:00+08:00,25.273672,121.601200,154.0,新北市,石門區,65000,65000220,0.0
水湳洞,C0AJ50,中央氣象署,2025-05-31T19:30:00+08:00,25.123697,121.862239,30.0,新北市,瑞芳區,65000,65000120,0.0
六塊厝,C0AJ60,中央氣象署,2025-05-31T19:30:00+08:00,25.240002,121.448102,13.0,新北市,淡水區,65000,65000100,0.0
田寮,C0AJ70,中央氣象署,2025-05-31T19:30:00+08:00,25.269800,121.488597,21.0,新北市,三芝區,65000,65000210,0.0
板橋,C0AJ80,中央氣象署,2025-05-31T19:30:00+08:00,25.011100,121.448716,38.0,新北市,板橋區,65000,65000010,0.0
華梵大學,81AJ30,農村水保署,2025-05-31T19:30:00+08:00,24.982222,121.690278,520.0,新北市,石碇區,65000,65000190,0.0
東山,81AJ20,農村水保署,2025-05-31T19:30:00+08:00,25.054444,121.696389,290.0,新北市,汐止區,65000,65000110,0.0
國一N039K,CAA990,中央氣象署,2025-05-31T19:30:00+08:00,25.064433,121.381970,233.0,新北市,泰山區,65000,65000160,0.0
富貴角,C2A920,中央氣象署,2025-05-31T19:30:00+08:00,25.263783,121.565250,196.0,新北市,石門區,65000,65000220,0.0
福隆,C2A880,中央氣象署,2025-05-31T19:30:00+08:00,25.017842,121.942080,6.0,新北市,貢寮區,65000,65000260,0.0
四堵,C2A540,中央氣象署,2025-05-31T19:30:00+08:00,24.892600,121.745730,401.0,新北市,坪林區,65000,65000200,0.0
福山,C2A560,中央氣象署,2025-05-31T19:30:00+08:00,24.776203,121.502810,405.0,新北市,烏來區,65000,65000290,0.0
瑞芳,C2A660,中央氣象署,2025-05-31T19:30:00+08:00,25.113169,121.801140,97.0,新北市,瑞芳區,65000,65000120,0.0
火燒寮,C2A650,中央氣象署,2025-05-31T19:30:00+08:00,25.002719,121.742890,287.0,新北市,平溪區,65000,65000240,0.0
國五S005K,CAAD60,中央氣象署,2025-05-31T19:30:00+08:00,24.996414,121.651930,154.0,新北市,石碇區,65000,65000190,0.0
國五S006K,CAAD70,中央氣象署,2025-05-31T19:30:00+08:00,24.989964,121.656970,187.0,新北市,石碇區,65000,65000190,0.0
國五N008K,CAAD80,中央氣象署,2025-05-31T19:30:00+08:00,24.982411,121.668080,217.0,新北市,石碇區,65000,65000190,0.0
國五N013K,CAAD90,中央氣象署,2025-05-31T19:30:00+08:00,24.947603,121.705500,280.0,新北市,坪林區,65000,65000200,0.0
太平里,C0AK10,中央氣象署,2025-05-31T19:30:00+08:00,25.134937,121.364899,18.0,新北市,林口區,65000,65000170,0.0
硬漢嶺,C0AK30,中央氣象署,2025-05-31T19:30:00+08:00,25.136097,121.426372,607.0,新北市,八里區,65000,65000230,0.0
